<service>
  <id>zapret</id>
  <name>zapret DPI Bypass</name>
  <description>zapret DPI bypass software</description>
  <executable>bin\winws.exe</executable>
  <arguments>--wf-tcp=80,443 --wf-udp=443,50000-50100 ^
--filter-udp=443 --hostlist="lists\list.txt" --hostlist="lists\list-additional.txt" --hostlist-auto="lists\autohostlist.txt" --hostlist-auto-fail-time=5 --hostlist-auto-fail-threshold=1 --dpi-desync=fake --dpi-desync-repeats=6 --dpi-desync-fake-quic="fake\quic.bin" --new ^
--filter-udp=50000-50100 --dpi-desync=fake --dpi-desync-any-protocol --dpi-desync-cutoff=d3 --dpi-desync-repeats=6 --new ^
--filter-tcp=80 --hostlist="lists\list.txt" --hostlist="lists\list-additional.txt" --hostlist-auto="lists\autohostlist.txt" --hostlist-auto-fail-time=5 --hostlist-auto-fail-threshold=1 --dpi-desync=fake,split2 --dpi-desync-autottl=2 --dpi-desync-fooling=md5sig --new ^
--filter-tcp=443 --hostlist="lists\list.txt" --hostlist="lists\list-additional.txt" --hostlist-auto="lists\autohostlist.txt" --hostlist-auto-fail-time=5 --hostlist-auto-fail-threshold=1 --dpi-desync=fake,split --dpi-desync-autottl=2 --dpi-desync-repeats=6 --dpi-desync-fooling=badseq --dpi-desync-fake-tls="fake\tls.bin"</arguments>
  <log mode="none"/>
  <onfailure action="restart" />
  <priority>RealTime</priority>
  <stoptimeout>1 sec</stoptimeout>
</service>